-- phpMyAdmin SQL Dump
-- version 5.2.0
-- https://www.phpmyadmin.net/
--
-- Хост: 127.0.0.1:3306
-- Время создания: Июн 22 2025 г., 19:27
-- Версия сервера: 8.0.30
-- Версия PHP: 8.3.8

SET SQL_MODE = "NO_AUTO_VALUE_ON_ZERO";
START TRANSACTION;
SET time_zone = "+00:00";


/*!40101 SET @OLD_CHARACTER_SET_CLIENT=@@CHARACTER_SET_CLIENT */;
/*!40101 SET @OLD_CHARACTER_SET_RESULTS=@@CHARACTER_SET_RESULTS */;
/*!40101 SET @OLD_COLLATION_CONNECTION=@@COLLATION_CONNECTION */;
/*!40101 SET NAMES utf8mb4 */;

--
-- База данных: `laravel-big`
--

-- --------------------------------------------------------

--
-- Структура таблицы `categories`
--

CREATE TABLE `categories` (
  `id` bigint UNSIGNED NOT NULL,
  `name` varchar(255) COLLATE utf8mb4_unicode_ci NOT NULL,
  `created_at` timestamp NULL DEFAULT NULL,
  `updated_at` timestamp NULL DEFAULT NULL
) ENGINE=InnoDB DEFAULT CHARSET=utf8mb4 COLLATE=utf8mb4_unicode_ci;

--
-- Дамп данных таблицы `categories`
--

INSERT INTO `categories` (`id`, `name`, `created_at`, `updated_at`) VALUES
(1, 'Завтраки', '2025-06-22 13:25:51', '2025-06-22 13:25:51'),
(2, 'Салаты', '2025-06-22 13:25:51', '2025-06-22 13:25:51'),
(3, 'Супы', '2025-06-22 13:25:51', '2025-06-22 13:25:51'),
(4, 'Десерты', '2025-06-22 13:25:51', '2025-06-22 13:25:51'),
(5, 'Основные блюда', '2025-06-22 13:25:51', '2025-06-22 13:25:51'),
(6, 'Разное', '2025-06-22 13:25:51', '2025-06-22 13:25:51');

-- --------------------------------------------------------

--
-- Структура таблицы `category_recipe`
--

CREATE TABLE `category_recipe` (
  `id` bigint UNSIGNED NOT NULL,
  `recipe_id` bigint UNSIGNED NOT NULL,
  `category_id` bigint UNSIGNED NOT NULL,
  `created_at` timestamp NULL DEFAULT NULL,
  `updated_at` timestamp NULL DEFAULT NULL
) ENGINE=InnoDB DEFAULT CHARSET=utf8mb4 COLLATE=utf8mb4_unicode_ci;

--
-- Дамп данных таблицы `category_recipe`
--

INSERT INTO `category_recipe` (`id`, `recipe_id`, `category_id`, `created_at`, `updated_at`) VALUES
(1, 1, 4, NULL, NULL),
(2, 2, 2, NULL, NULL),
(3, 3, 5, NULL, NULL),
(4, 4, 1, NULL, NULL),
(5, 5, 3, NULL, NULL),
(6, 6, 4, NULL, NULL),
(7, 7, 2, NULL, NULL),
(8, 8, 5, NULL, NULL),
(9, 9, 3, NULL, NULL),
(10, 10, 4, NULL, NULL),
(11, 11, 6, NULL, NULL),
(12, 12, 6, NULL, NULL),
(13, 13, 6, NULL, NULL),
(14, 14, 6, NULL, NULL),
(15, 15, 6, NULL, NULL),
(16, 16, 6, NULL, NULL),
(17, 17, 6, NULL, NULL),
(18, 18, 6, NULL, NULL),
(19, 19, 6, NULL, NULL),
(20, 20, 1, NULL, NULL),
(21, 21, 6, NULL, NULL),
(22, 22, 6, NULL, NULL),
(23, 23, 6, NULL, NULL),
(24, 24, 1, NULL, NULL),
(25, 25, 6, NULL, NULL),
(26, 26, 6, NULL, NULL),
(27, 27, 6, NULL, NULL),
(28, 28, 6, NULL, NULL),
(29, 29, 6, NULL, NULL),
(30, 30, 6, NULL, NULL),
(31, 31, 6, NULL, NULL);

-- --------------------------------------------------------

--
-- Структура таблицы `comments`
--

CREATE TABLE `comments` (
  `UniqueID` bigint UNSIGNED NOT NULL,
  `text` text COLLATE utf8mb4_unicode_ci NOT NULL,
  `recipe_id` bigint UNSIGNED NOT NULL,
  `user_id` bigint UNSIGNED NOT NULL,
  `created_at` timestamp NULL DEFAULT NULL,
  `updated_at` timestamp NULL DEFAULT NULL
) ENGINE=InnoDB DEFAULT CHARSET=utf8mb4 COLLATE=utf8mb4_unicode_ci;

--
-- Дамп данных таблицы `comments`
--

INSERT INTO `comments` (`UniqueID`, `text`, `recipe_id`, `user_id`, `created_at`, `updated_at`) VALUES
(1, 'Этот рецепт просто великолепен!', 1, 1, '2025-06-22 13:25:52', '2025-06-22 13:25:52');

-- --------------------------------------------------------

--
-- Структура таблицы `favorites`
--

CREATE TABLE `favorites` (
  `id` bigint UNSIGNED NOT NULL,
  `user_id` bigint UNSIGNED NOT NULL,
  `recipe_id` bigint UNSIGNED NOT NULL,
  `created_at` timestamp NULL DEFAULT NULL,
  `updated_at` timestamp NULL DEFAULT NULL
) ENGINE=InnoDB DEFAULT CHARSET=utf8mb4 COLLATE=utf8mb4_unicode_ci;

-- --------------------------------------------------------

--
-- Структура таблицы `ingredients`
--

CREATE TABLE `ingredients` (
  `id` bigint UNSIGNED NOT NULL,
  `name` varchar(255) COLLATE utf8mb4_unicode_ci NOT NULL,
  `created_at` timestamp NULL DEFAULT NULL,
  `updated_at` timestamp NULL DEFAULT NULL
) ENGINE=InnoDB DEFAULT CHARSET=utf8mb4 COLLATE=utf8mb4_unicode_ci;

--
-- Дамп данных таблицы `ingredients`
--

INSERT INTO `ingredients` (`id`, `name`, `created_at`, `updated_at`) VALUES
(1, 'Мука', '2025-06-22 13:25:51', '2025-06-22 13:25:51'),
(2, 'Сахар', '2025-06-22 13:25:51', '2025-06-22 13:25:51'),
(3, 'Яйца', '2025-06-22 13:25:51', '2025-06-22 13:25:51'),
(4, 'Молоко', '2025-06-22 13:25:51', '2025-06-22 13:25:51'),
(5, 'Соль', '2025-06-22 13:25:51', '2025-06-22 13:25:51'),
(6, 'Дрожжи', '2025-06-22 13:25:51', '2025-06-22 13:25:51'),
(7, 'Сметана', '2025-06-22 13:25:51', '2025-06-22 13:25:51'),
(8, 'Творог', '2025-06-22 13:25:51', '2025-06-22 13:25:51'),
(9, 'Масло сливочное', '2025-06-22 13:25:51', '2025-06-22 13:25:51'),
(10, 'Масло растительное', '2025-06-22 13:25:51', '2025-06-22 13:25:51'),
(11, 'Чеснок', '2025-06-22 13:25:51', '2025-06-22 13:25:51'),
(12, 'Лук', '2025-06-22 13:25:51', '2025-06-22 13:25:51'),
(13, 'Помидоры', '2025-06-22 13:25:51', '2025-06-22 13:25:51'),
(14, 'Огурцы', '2025-06-22 13:25:51', '2025-06-22 13:25:51'),
(15, 'Картофель', '2025-06-22 13:25:51', '2025-06-22 13:25:51'),
(16, 'Морковь', '2025-06-22 13:25:51', '2025-06-22 13:25:51'),
(17, 'Капуста', '2025-06-22 13:25:51', '2025-06-22 13:25:51'),
(18, 'Перец', '2025-06-22 13:25:51', '2025-06-22 13:25:51'),
(19, 'Зелень', '2025-06-22 13:25:51', '2025-06-22 13:25:51'),
(20, 'Гречка', '2025-06-22 13:25:51', '2025-06-22 13:25:51'),
(21, 'Рис', '2025-06-22 13:25:51', '2025-06-22 13:25:51'),
(22, 'Паста', '2025-06-22 13:25:51', '2025-06-22 13:25:51'),
(23, 'Мясо говядины', '2025-06-22 13:25:51', '2025-06-22 13:25:51'),
(24, 'Мясо курицы', '2025-06-22 13:25:51', '2025-06-22 13:25:51'),
(25, 'Свинина', '2025-06-22 13:25:51', '2025-06-22 13:25:51'),
(26, 'Рыба', '2025-06-22 13:25:51', '2025-06-22 13:25:51'),
(27, 'Лосось', '2025-06-22 13:25:51', '2025-06-22 13:25:51'),
(28, 'Тунец', '2025-06-22 13:25:51', '2025-06-22 13:25:51'),
(29, 'Крабовые палочки', '2025-06-22 13:25:51', '2025-06-22 13:25:51'),
(30, 'Бекон', '2025-06-22 13:25:51', '2025-06-22 13:25:51'),
(31, 'Сыр', '2025-06-22 13:25:51', '2025-06-22 13:25:51'),
(32, 'Соль', '2025-06-22 13:25:51', '2025-06-22 13:25:51'),
(33, 'Перец черный', '2025-06-22 13:25:51', '2025-06-22 13:25:51'),
(34, 'Паприка', '2025-06-22 13:25:51', '2025-06-22 13:25:51'),
(35, 'Орегано', '2025-06-22 13:25:51', '2025-06-22 13:25:51'),
(36, 'Базилик', '2025-06-22 13:25:51', '2025-06-22 13:25:51'),
(37, 'Тимьян', '2025-06-22 13:25:51', '2025-06-22 13:25:51'),
(38, 'Майонез', '2025-06-22 13:25:51', '2025-06-22 13:25:51'),
(39, 'Горчица', '2025-06-22 13:25:51', '2025-06-22 13:25:51'),
(40, 'Кетчуп', '2025-06-22 13:25:51', '2025-06-22 13:25:51'),
(41, 'Оливковое масло', '2025-06-22 13:25:51', '2025-06-22 13:25:51'),
(42, 'Соевый соус', '2025-06-22 13:25:51', '2025-06-22 13:25:51'),
(43, 'Вода', '2025-06-22 13:25:51', '2025-06-22 13:25:51'),
(44, 'Вино', '2025-06-22 13:25:51', '2025-06-22 13:25:51'),
(45, 'Пиво', '2025-06-22 13:25:51', '2025-06-22 13:25:51'),
(46, 'Шоколад', '2025-06-22 13:25:51', '2025-06-22 13:25:51'),
(47, 'Какао', '2025-06-22 13:25:51', '2025-06-22 13:25:51'),
(48, 'Мёд', '2025-06-22 13:25:51', '2025-06-22 13:25:51'),
(49, 'Миндаль', '2025-06-22 13:25:51', '2025-06-22 13:25:51'),
(50, 'Фисташки', '2025-06-22 13:25:51', '2025-06-22 13:25:51'),
(51, 'Грецкие орехи', '2025-06-22 13:25:51', '2025-06-22 13:25:51'),
(52, 'Кешью', '2025-06-22 13:25:51', '2025-06-22 13:25:51'),
(53, 'Фрукты', '2025-06-22 13:25:51', '2025-06-22 13:25:51'),
(54, 'Яблоки', '2025-06-22 13:25:51', '2025-06-22 13:25:51'),
(55, 'Груши', '2025-06-22 13:25:51', '2025-06-22 13:25:51'),
(56, 'Бананы', '2025-06-22 13:25:51', '2025-06-22 13:25:51'),
(57, 'Вишня', '2025-06-22 13:25:51', '2025-06-22 13:25:51'),
(58, 'Клубника', '2025-06-22 13:25:51', '2025-06-22 13:25:51'),
(59, 'Малина', '2025-06-22 13:25:51', '2025-06-22 13:25:51'),
(60, 'Черника', '2025-06-22 13:25:51', '2025-06-22 13:25:51'),
(61, 'Абрикосы', '2025-06-22 13:25:51', '2025-06-22 13:25:51'),
(62, 'Апельсины', '2025-06-22 13:25:51', '2025-06-22 13:25:51'),
(63, 'Лимоны', '2025-06-22 13:25:51', '2025-06-22 13:25:51'),
(64, 'Грейпфруты', '2025-06-22 13:25:51', '2025-06-22 13:25:51'),
(65, 'Песочное тесто', '2025-06-22 13:25:51', '2025-06-22 13:25:51'),
(66, 'Бисквитное тесто', '2025-06-22 13:25:51', '2025-06-22 13:25:51'),
(67, 'Крем', '2025-06-22 13:25:51', '2025-06-22 13:25:51'),
(68, 'Карамель', '2025-06-22 13:25:51', '2025-06-22 13:25:51'),
(69, 'Маршмеллоу', '2025-06-22 13:25:51', '2025-06-22 13:25:51'),
(70, 'Мороженое', '2025-06-22 13:25:51', '2025-06-22 13:25:51');

-- --------------------------------------------------------

--
-- Структура таблицы `migrations`
--

CREATE TABLE `migrations` (
  `id` int UNSIGNED NOT NULL,
  `migration` varchar(255) COLLATE utf8mb4_unicode_ci NOT NULL,
  `batch` int NOT NULL
) ENGINE=InnoDB DEFAULT CHARSET=utf8mb4 COLLATE=utf8mb4_unicode_ci;

--
-- Дамп данных таблицы `migrations`
--

INSERT INTO `migrations` (`id`, `migration`, `batch`) VALUES
(1, '2025_04_01_095420_create_personal_access_tokens_table', 1),
(2, '2025_04_01_095427_create_roles_table', 1),
(3, '2025_04_01_095432_create_users_table', 1),
(4, '2025_04_01_095436_create_recipes_table', 1),
(5, '2025_04_01_095501_create_ratings_table', 1),
(6, '2025_04_01_095507_create_comments_table', 1),
(7, '2025_04_01_095512_create_categories_table', 1),
(8, '2025_04_01_095513_create_category_recipe_table', 1),
(9, '2025_04_01_095516_create_ingredients_table', 1),
(10, '2025_04_01_095529_create_units_table', 1),
(11, '2025_04_01_095536_create_recipe_ingredients_table', 1),
(12, '2025_04_01_095550_add_remember_token_to_users_table', 1),
(13, '2025_04_14_170321_create_favorites_table', 1);

-- --------------------------------------------------------

--
-- Структура таблицы `personal_access_tokens`
--

CREATE TABLE `personal_access_tokens` (
  `id` bigint UNSIGNED NOT NULL,
  `tokenable_type` varchar(255) COLLATE utf8mb4_unicode_ci NOT NULL,
  `tokenable_id` bigint UNSIGNED NOT NULL,
  `name` varchar(255) COLLATE utf8mb4_unicode_ci NOT NULL,
  `token` varchar(64) COLLATE utf8mb4_unicode_ci NOT NULL,
  `abilities` text COLLATE utf8mb4_unicode_ci,
  `last_used_at` timestamp NULL DEFAULT NULL,
  `expires_at` timestamp NULL DEFAULT NULL,
  `created_at` timestamp NULL DEFAULT NULL,
  `updated_at` timestamp NULL DEFAULT NULL
) ENGINE=InnoDB DEFAULT CHARSET=utf8mb4 COLLATE=utf8mb4_unicode_ci;

-- --------------------------------------------------------

--
-- Структура таблицы `ratings`
--

CREATE TABLE `ratings` (
  `id` bigint UNSIGNED NOT NULL,
  `rating` tinyint UNSIGNED NOT NULL,
  `recipe_id` bigint UNSIGNED NOT NULL,
  `user_id` bigint UNSIGNED NOT NULL,
  `created_at` timestamp NULL DEFAULT NULL,
  `updated_at` timestamp NULL DEFAULT NULL
) ENGINE=InnoDB DEFAULT CHARSET=utf8mb4 COLLATE=utf8mb4_unicode_ci;

--
-- Дамп данных таблицы `ratings`
--

INSERT INTO `ratings` (`id`, `rating`, `recipe_id`, `user_id`, `created_at`, `updated_at`) VALUES
(1, 4, 1, 1, '2025-06-22 13:25:52', '2025-06-22 13:25:52'),
(2, 3, 2, 2, '2025-06-22 13:25:52', '2025-06-22 13:25:52'),
(3, 2, 3, 2, '2025-06-22 13:25:52', '2025-06-22 13:25:52'),
(4, 5, 4, 1, '2025-06-22 13:25:52', '2025-06-22 13:25:52'),
(5, 4, 5, 2, '2025-06-22 13:25:52', '2025-06-22 13:25:52'),
(6, 3, 6, 2, '2025-06-22 13:25:52', '2025-06-22 13:25:52'),
(7, 1, 7, 1, '2025-06-22 13:25:52', '2025-06-22 13:25:52'),
(8, 2, 8, 2, '2025-06-22 13:25:52', '2025-06-22 13:25:52'),
(9, 5, 9, 2, '2025-06-22 13:25:52', '2025-06-22 13:25:52'),
(10, 1, 10, 1, '2025-06-22 13:25:52', '2025-06-22 13:25:52'),
(11, 3, 11, 1, '2025-06-22 13:25:52', '2025-06-22 13:25:52'),
(12, 2, 12, 2, '2025-06-22 13:25:52', '2025-06-22 13:25:52'),
(13, 2, 13, 1, '2025-06-22 13:25:52', '2025-06-22 13:25:52'),
(14, 2, 14, 2, '2025-06-22 13:25:52', '2025-06-22 13:25:52'),
(15, 2, 15, 2, '2025-06-22 13:25:52', '2025-06-22 13:25:52'),
(16, 5, 16, 1, '2025-06-22 13:25:52', '2025-06-22 13:25:52'),
(17, 1, 17, 1, '2025-06-22 13:25:52', '2025-06-22 13:25:52'),
(18, 5, 18, 1, '2025-06-22 13:25:52', '2025-06-22 13:25:52'),
(19, 4, 19, 2, '2025-06-22 13:25:52', '2025-06-22 13:25:52'),
(20, 1, 20, 1, '2025-06-22 13:25:52', '2025-06-22 13:25:52'),
(21, 5, 21, 1, '2025-06-22 13:25:52', '2025-06-22 13:25:52'),
(22, 2, 22, 1, '2025-06-22 13:25:52', '2025-06-22 13:25:52'),
(23, 4, 23, 1, '2025-06-22 13:25:52', '2025-06-22 13:25:52'),
(24, 3, 24, 2, '2025-06-22 13:25:52', '2025-06-22 13:25:52'),
(25, 1, 25, 1, '2025-06-22 13:25:52', '2025-06-22 13:25:52'),
(26, 5, 26, 2, '2025-06-22 13:25:52', '2025-06-22 13:25:52'),
(27, 5, 27, 2, '2025-06-22 13:25:52', '2025-06-22 13:25:52'),
(28, 3, 28, 1, '2025-06-22 13:25:52', '2025-06-22 13:25:52'),
(29, 2, 29, 2, '2025-06-22 13:25:52', '2025-06-22 13:25:52'),
(30, 5, 30, 2, '2025-06-22 13:25:52', '2025-06-22 13:25:52'),
(31, 2, 31, 1, '2025-06-22 13:25:52', '2025-06-22 13:25:52');

-- --------------------------------------------------------

--
-- Структура таблицы `recipes`
--

CREATE TABLE `recipes` (
  `id` bigint UNSIGNED NOT NULL,
  `title` varchar(255) COLLATE utf8mb4_unicode_ci NOT NULL,
  `description` text COLLATE utf8mb4_unicode_ci NOT NULL,
  `cook_time` int NOT NULL,
  `difficulty` tinyint NOT NULL,
  `calories` int NOT NULL,
  `instructions` text COLLATE utf8mb4_unicode_ci NOT NULL,
  `image` varchar(255) COLLATE utf8mb4_unicode_ci DEFAULT NULL,
  `user_id` bigint UNSIGNED NOT NULL,
  `created_at` timestamp NULL DEFAULT NULL,
  `updated_at` timestamp NULL DEFAULT NULL
) ENGINE=InnoDB DEFAULT CHARSET=utf8mb4 COLLATE=utf8mb4_unicode_ci;

--
-- Дамп данных таблицы `recipes`
--

INSERT INTO `recipes` (`id`, `title`, `description`, `cook_time`, `difficulty`, `calories`, `instructions`, `image`, `user_id`, `created_at`, `updated_at`) VALUES
(1, 'Шоколадный торт', 'Нежный бисквитный торт с шоколадным кремом', 120, 2, 450, 'Замесить тесто.\nДать подойти.\nВыпекать при 180°C 40 минут.\nОхладите, намажьте крем и украсьте.', '/storage/recipes/chococake.jpg', 1, '2025-06-22 13:25:51', '2025-06-22 13:25:51'),
(2, 'Салат Цезарь', 'Классический салат с курицей, крутонами и соусом', 30, 1, 320, 'Обжарьте курицу.\nНарежьте салат.\nДобавьте крутоны и пармезан.\nПолейте соусом Цезарь и подавайте.', '/storage/recipes/caesar.jpg', 1, '2025-06-22 13:25:51', '2025-06-22 13:25:51'),
(3, 'Спагетти Карбонара', 'Итальянская паста с беконом, яйцами и пармезаном', 25, 2, 550, 'Отварите спагетти.\nОбжарьте бекон.\nВзбейте яйца с сыром.\nСмешайте всё горячим, не доводя до омлета.', '/storage/recipes/carbonara.jpg', 1, '2025-06-22 13:25:51', '2025-06-22 13:25:51'),
(4, 'Омлет с овощами', 'Пышный омлет с болгарским перцем, помидорами и зеленью', 15, 1, 280, 'Взбейте яйца.\nНарежьте овощи и слегка обжарьте.\nВылейте яйца.\nГотовьте под крышкой до пышности.', '/storage/recipes/omelette.jpg', 1, '2025-06-22 13:25:51', '2025-06-22 13:25:51'),
(5, 'Борщ', 'Традиционный украинский борщ со свеклой и мясом', 90, 3, 380, 'Отварите мясо.\nДобавьте капусту, картошку.\nПотушите свеклу с морковкой и луком.\nСмешайте всё, варите 10 мин.', '/storage/recipes/borscht.jpg', 1, '2025-06-22 13:25:51', '2025-06-22 13:25:51'),
(6, 'Панкейки', 'Американские пышные блинчики с кленовым сиропом', 20, 1, 320, 'Смешайте муку, яйца, молоко и разрыхлитель.\nЖарьте на сухой сковороде до золотистой корочки.\nПодавайте с сиропом.', '/storage/recipes/pancakes.jpg', 1, '2025-06-22 13:25:51', '2025-06-22 13:25:51'),
(7, 'Греческий салат', 'Свежие овощи с фетой и оливковым маслом', 15, 1, 250, 'Нарежьте помидоры, огурцы, лук, перец.\nДобавьте оливки и фету.\nПолейте оливковым маслом и перемешайте.', '/storage/recipes/greek-salad.jpg', 1, '2025-06-22 13:25:51', '2025-06-22 13:25:51'),
(8, 'Лазанья Болоньезе', 'Итальянская запеканка с мясным соусом и сыром', 60, 3, 480, 'Приготовьте соус болоньезе и бешамель.\nВыложите слоями соус и листы лазаньи.\nПосыпьте сыром и запекайте 40 мин.', '/storage/recipes/lasagna.jpg', 1, '2025-06-22 13:25:51', '2025-06-22 13:25:51'),
(9, 'Тыквенный суп-пюре', 'Нежный крем-суп из тыквы со сливками', 40, 2, 210, 'Нарежьте тыкву, картошку, лук.\nВарите до мягкости.\nПревратите в пюре, добавьте сливки, прогрейте.', '/storage/recipes/pumpkin-soup.jpg', 1, '2025-06-22 13:25:51', '2025-06-22 13:25:51'),
(10, 'Тирамису', 'Итальянский десерт с кофе и сыром маскарпоне', 45, 3, 420, 'Взбейте яйца с сахаром, добавьте маскарпоне.\nОбмакните савоярди в кофе.\nВыложите слоями крем и печенье.\nОхладите.', '/storage/recipes/tiramisu.jpg', 1, '2025-06-22 13:25:51', '2025-06-22 13:25:51'),
(11, 'Плов с курицей', 'Ароматный плов с куриным мясом и специями', 60, 2, 500, 'Обжарьте лук и морковь.\nДобавьте курицу и обжарьте.\nДобавьте рис, специи и воду.\nТушите до готовности.', '/storage/recipes/chicken-pilaf.jpg', 1, '2025-06-22 13:25:51', '2025-06-22 13:25:51'),
(12, 'Куриный стейк с овощами', 'Нежный куриный стейк с гарниром из овощей', 35, 2, 400, 'Замаринуйте курицу.\nОбжарьте до золотистой корочки.\nПриготовьте овощи на гриле или на сковороде.\nПодавайте вместе.', '/storage/recipes/chicken-steak.png', 1, '2025-06-22 13:25:51', '2025-06-22 13:25:51'),
(13, 'Сырники', 'Традиционные творожные лепёшки с изюмом', 25, 1, 290, 'Смешайте творог, яйца, сахар и муку.\nСформируйте сырники.\nОбжарьте до румяной корочки.\nПодавайте со сметаной.', '/storage/recipes/syrniki.jpg', 1, '2025-06-22 13:25:51', '2025-06-22 13:25:51'),
(14, 'Ризотто с грибами', 'Кремовая итальянская каша с белыми грибами', 40, 3, 420, 'Обжарьте лук и грибы.\nДобавьте рис арборио.\nПостепенно вливайте бульон.\nВ конце добавьте масло и сыр.', '/storage/recipes/mushroom-risotto.jpg', 1, '2025-06-22 13:25:51', '2025-06-22 13:25:51'),
(15, 'Хачапури по-аджарски', 'Грузинская лепешка с яйцом и сыром внутри', 50, 3, 600, 'Приготовьте тесто и сформируйте лодочку.\nВыложите сыр.\nЗапекайте до румяности.\nДобавьте яйцо и немного допеките.', '/storage/recipes/khachapuri.jpg', 1, '2025-06-22 13:25:51', '2025-06-22 13:25:51'),
(16, 'Плов с бараниной', 'Узбекский плов с сочной бараниной и морковью', 90, 3, 600, 'Обжарьте мясо.\nДобавьте лук и морковь.\nВсыпьте рис, налейте воду и тушите до готовности.', '/storage/recipes/plov.jpg', 1, '2025-06-22 13:25:51', '2025-06-22 13:25:51'),
(17, 'Блины с творогом', 'Тонкие блины с начинкой из сладкого творога', 35, 2, 300, 'Приготовьте тесто.\nЖарьте блины.\nЗаверните творожную начинку в каждый блин.', '/storage/recipes/bliny.jpg', 1, '2025-06-22 13:25:51', '2025-06-22 13:25:51'),
(18, 'Куриные котлеты', 'Сочные котлеты из куриного фарша', 40, 2, 400, 'Смешайте фарш с луком и хлебом.\nСформируйте котлеты.\nОбжарьте до румяной корочки.', '/storage/recipes/chicken-cutlets.jpg', 1, '2025-06-22 13:25:51', '2025-06-22 13:25:51'),
(19, 'Овощное рагу', 'Тушёные овощи с томатным соусом', 45, 1, 220, 'Нарежьте овощи.\nОбжарьте лук и морковь.\nДобавьте остальные овощи и тушите под крышкой.', '/storage/recipes/vegetable-stew.jpg', 1, '2025-06-22 13:25:51', '2025-06-22 13:25:51'),
(20, 'Французский багет', 'Хрустящий багет с мягкой серединкой', 180, 3, 280, 'Замесить тесто.\nДать подойти.\nСформируйте багеты и выпекать при 220°C 25 минут.', '/storage/recipes/baguette.jpg', 1, '2025-06-22 13:25:51', '2025-06-22 13:25:51'),
(21, 'Картофельное пюре', 'Классическое пюре с молоком и маслом', 25, 1, 200, 'Отварите картофель.\nРазомните с молоком и сливочным маслом.\nПриправьте по вкусу.', '/storage/recipes/mashed-potatoes.jpg', 1, '2025-06-22 13:25:51', '2025-06-22 13:25:51'),
(22, 'Чизкейк Нью-Йорк', 'Кремовый чизкейк на песочной основе', 90, 3, 450, 'Приготовьте основу.\nВзбейте начинку.\nВыпекать при 160°C час и остудите.', '/storage/recipes/cheesecake.jpg', 1, '2025-06-22 13:25:51', '2025-06-22 13:25:51'),
(23, 'Том Ям', 'Острый тайский суп с креветками и кокосовым молоком', 40, 3, 290, 'Сварите бульон с лемонграссом и галангалом.\nДобавьте креветки, грибы и кокосовое молоко.\nПодавать с лаймом.', '/storage/recipes/tom-yam.jpg', 1, '2025-06-22 13:25:51', '2025-06-22 13:25:51'),
(24, 'Тост с авокадо', 'Хрустящий тост с авокадо, яйцом и специями', 10, 1, 270, 'Обжарьте хлеб.\nНамажьте размятое авокадо.\nДобавьте яйцо пашот, приправьте.', '/storage/recipes/avocado-toast.jpg', 1, '2025-06-22 13:25:51', '2025-06-22 13:25:51'),
(25, 'Суши с лососем', 'Классические маки с лососем и рисом', 50, 3, 300, 'Подготовьте рис.\nНарежьте рыбу.\nЗаверните в нори с рисом и нарежьте.', '/storage/recipes/salmon-sushi.jpg', 1, '2025-06-22 13:25:51', '2025-06-22 13:25:51'),
(26, 'Тако с говядиной', 'Мексиканские тако с острым мясным фаршем', 30, 2, 340, 'Обжарьте фарш с приправами.\nПодготовьте лепёшки.\nНачините и подавайте с овощами.', '/storage/recipes/beef-taco.jpg', 1, '2025-06-22 13:25:51', '2025-06-22 13:25:51'),
(27, 'Хумус', 'Кремовая закуска из нута с тахини и лимоном', 15, 1, 180, 'Измельчите нут, тахини, чеснок и лимонный сок.\nДобавьте оливковое масло и соль.\nПодавайте с питой.', '/storage/recipes/hummus.jpg', 1, '2025-06-22 13:25:51', '2025-06-22 13:25:51'),
(28, 'Фалафель', 'Жареные шарики из нута с пряностями', 45, 2, 290, 'Измельчите нут с чесноком и зеленью.\nСформируйте шарики.\nОбжарьте до золотистости.', '/storage/recipes/falafel.jpg', 1, '2025-06-22 13:25:51', '2025-06-22 13:25:51'),
(29, 'Рамен с курицей', 'Японский суп с лапшой, яйцом и куриным бульоном', 50, 3, 430, 'Варите бульон.\nОтварите лапшу и курицу.\nДобавьте яйцо, зелень и подавайте.', '/storage/recipes/chicken-ramen.jpg', 1, '2025-06-22 13:25:51', '2025-06-22 13:25:51'),
(30, 'Брускетта с томатами', 'Закуска из хрустящего хлеба с томатами и базиликом', 15, 1, 210, 'Поджарьте багет.\nНарежьте томаты и базилик.\nВыложите на хлеб и сбрызните маслом.', '/storage/recipes/bruschetta.jpg', 1, '2025-06-22 13:25:51', '2025-06-22 13:25:51'),
(31, 'Шакшука', 'Яйца, запечённые в пряном томатном соусе', 25, 2, 270, 'Обжарьте лук и перец.\nДобавьте томаты и специи.\nРазбейте яйца и готовьте до схватывания.', '/storage/recipes/shakshuka.jpg', 1, '2025-06-22 13:25:51', '2025-06-22 13:25:51');

-- --------------------------------------------------------

--
-- Структура таблицы `recipe_ingredients`
--

CREATE TABLE `recipe_ingredients` (
  `id` bigint UNSIGNED NOT NULL,
  `recipe_id` bigint UNSIGNED NOT NULL,
  `ingredient_id` bigint UNSIGNED NOT NULL,
  `unit_id` bigint UNSIGNED NOT NULL,
  `quantity` double DEFAULT NULL,
  `created_at` timestamp NULL DEFAULT NULL,
  `updated_at` timestamp NULL DEFAULT NULL
) ENGINE=InnoDB DEFAULT CHARSET=utf8mb4 COLLATE=utf8mb4_unicode_ci;

--
-- Дамп данных таблицы `recipe_ingredients`
--

INSERT INTO `recipe_ingredients` (`id`, `recipe_id`, `ingredient_id`, `unit_id`, `quantity`, `created_at`, `updated_at`) VALUES
(1, 1, 17, 1, 157, '2025-06-22 13:25:51', '2025-06-22 13:25:51'),
(2, 1, 5, 3, 8, '2025-06-22 13:25:51', '2025-06-22 13:25:51'),
(3, 1, 10, 3, 1, '2025-06-22 13:25:51', '2025-06-22 13:25:51'),
(4, 1, 29, 3, 2, '2025-06-22 13:25:51', '2025-06-22 13:25:51'),
(5, 1, 13, 2, 670, '2025-06-22 13:25:51', '2025-06-22 13:25:51'),
(6, 2, 31, 2, 800, '2025-06-22 13:25:51', '2025-06-22 13:25:51'),
(7, 3, 22, 2, 19, '2025-06-22 13:25:51', '2025-06-22 13:25:51'),
(8, 3, 15, 1, 614, '2025-06-22 13:25:51', '2025-06-22 13:25:51'),
(9, 3, 39, 3, 1, '2025-06-22 13:25:51', '2025-06-22 13:25:51'),
(10, 3, 10, 3, 8, '2025-06-22 13:25:51', '2025-06-22 13:25:51'),
(11, 3, 6, 3, 10, '2025-06-22 13:25:51', '2025-06-22 13:25:51'),
(12, 3, 33, 2, 336, '2025-06-22 13:25:51', '2025-06-22 13:25:51'),
(13, 4, 27, 2, 902, '2025-06-22 13:25:51', '2025-06-22 13:25:51'),
(14, 4, 20, 3, 10, '2025-06-22 13:25:51', '2025-06-22 13:25:51'),
(15, 4, 44, 1, 826, '2025-06-22 13:25:51', '2025-06-22 13:25:51'),
(16, 4, 27, 1, 709, '2025-06-22 13:25:51', '2025-06-22 13:25:51'),
(17, 4, 43, 1, 309, '2025-06-22 13:25:51', '2025-06-22 13:25:51'),
(18, 4, 56, 2, 548, '2025-06-22 13:25:51', '2025-06-22 13:25:51'),
(19, 4, 47, 1, 290, '2025-06-22 13:25:51', '2025-06-22 13:25:51'),
(20, 4, 19, 1, 187, '2025-06-22 13:25:51', '2025-06-22 13:25:51'),
(21, 4, 57, 3, 4, '2025-06-22 13:25:51', '2025-06-22 13:25:51'),
(22, 4, 53, 1, 684, '2025-06-22 13:25:51', '2025-06-22 13:25:51'),
(23, 5, 11, 3, 10, '2025-06-22 13:25:51', '2025-06-22 13:25:51'),
(24, 5, 37, 3, 7, '2025-06-22 13:25:51', '2025-06-22 13:25:51'),
(25, 5, 50, 2, 877, '2025-06-22 13:25:51', '2025-06-22 13:25:51'),
(26, 5, 58, 1, 452, '2025-06-22 13:25:51', '2025-06-22 13:25:51'),
(27, 5, 39, 1, 477, '2025-06-22 13:25:51', '2025-06-22 13:25:51'),
(28, 6, 65, 2, 851, '2025-06-22 13:25:51', '2025-06-22 13:25:51'),
(29, 7, 35, 2, 509, '2025-06-22 13:25:51', '2025-06-22 13:25:51'),
(30, 7, 27, 1, 800, '2025-06-22 13:25:51', '2025-06-22 13:25:51'),
(31, 7, 15, 1, 375, '2025-06-22 13:25:51', '2025-06-22 13:25:51'),
(32, 7, 64, 2, 193, '2025-06-22 13:25:51', '2025-06-22 13:25:51'),
(33, 7, 16, 2, 89, '2025-06-22 13:25:51', '2025-06-22 13:25:51'),
(34, 7, 37, 3, 10, '2025-06-22 13:25:51', '2025-06-22 13:25:51'),
(35, 7, 68, 1, 208, '2025-06-22 13:25:51', '2025-06-22 13:25:51'),
(36, 7, 12, 1, 665, '2025-06-22 13:25:51', '2025-06-22 13:25:51'),
(37, 7, 19, 1, 836, '2025-06-22 13:25:51', '2025-06-22 13:25:51'),
(38, 8, 34, 2, 352, '2025-06-22 13:25:51', '2025-06-22 13:25:51'),
(39, 8, 67, 2, 589, '2025-06-22 13:25:51', '2025-06-22 13:25:51'),
(40, 8, 35, 3, 7, '2025-06-22 13:25:51', '2025-06-22 13:25:51'),
(41, 8, 64, 1, 717, '2025-06-22 13:25:51', '2025-06-22 13:25:51'),
(42, 8, 49, 2, 353, '2025-06-22 13:25:51', '2025-06-22 13:25:51'),
(43, 8, 44, 1, 310, '2025-06-22 13:25:51', '2025-06-22 13:25:51'),
(44, 8, 7, 2, 98, '2025-06-22 13:25:51', '2025-06-22 13:25:51'),
(45, 8, 11, 3, 7, '2025-06-22 13:25:51', '2025-06-22 13:25:51'),
(46, 9, 3, 2, 623, '2025-06-22 13:25:51', '2025-06-22 13:25:51'),
(47, 9, 44, 3, 9, '2025-06-22 13:25:51', '2025-06-22 13:25:51'),
(48, 9, 2, 1, 828, '2025-06-22 13:25:51', '2025-06-22 13:25:51'),
(49, 10, 43, 3, 10, '2025-06-22 13:25:51', '2025-06-22 13:25:51'),
(50, 10, 5, 2, 638, '2025-06-22 13:25:51', '2025-06-22 13:25:51'),
(51, 10, 57, 2, 247, '2025-06-22 13:25:51', '2025-06-22 13:25:51'),
(52, 10, 64, 3, 3, '2025-06-22 13:25:51', '2025-06-22 13:25:51'),
(53, 10, 25, 2, 284, '2025-06-22 13:25:51', '2025-06-22 13:25:51'),
(54, 10, 47, 1, 378, '2025-06-22 13:25:51', '2025-06-22 13:25:51'),
(55, 10, 63, 2, 715, '2025-06-22 13:25:51', '2025-06-22 13:25:51'),
(56, 10, 9, 2, 499, '2025-06-22 13:25:51', '2025-06-22 13:25:51'),
(57, 11, 59, 2, 622, '2025-06-22 13:25:51', '2025-06-22 13:25:51'),
(58, 11, 43, 2, 919, '2025-06-22 13:25:51', '2025-06-22 13:25:51'),
(59, 11, 43, 1, 88, '2025-06-22 13:25:51', '2025-06-22 13:25:51'),
(60, 11, 53, 1, 798, '2025-06-22 13:25:51', '2025-06-22 13:25:51'),
(61, 11, 16, 1, 370, '2025-06-22 13:25:51', '2025-06-22 13:25:51'),
(62, 12, 32, 1, 42, '2025-06-22 13:25:51', '2025-06-22 13:25:51'),
(63, 12, 58, 3, 2, '2025-06-22 13:25:51', '2025-06-22 13:25:51'),
(64, 12, 35, 3, 1, '2025-06-22 13:25:51', '2025-06-22 13:25:51'),
(65, 12, 56, 2, 295, '2025-06-22 13:25:51', '2025-06-22 13:25:51'),
(66, 12, 17, 1, 982, '2025-06-22 13:25:51', '2025-06-22 13:25:51'),
(67, 13, 62, 1, 926, '2025-06-22 13:25:51', '2025-06-22 13:25:51'),
(68, 13, 67, 2, 320, '2025-06-22 13:25:51', '2025-06-22 13:25:51'),
(69, 13, 31, 2, 331, '2025-06-22 13:25:51', '2025-06-22 13:25:51'),
(70, 13, 23, 3, 9, '2025-06-22 13:25:51', '2025-06-22 13:25:51'),
(71, 13, 43, 2, 305, '2025-06-22 13:25:51', '2025-06-22 13:25:51'),
(72, 14, 47, 1, 756, '2025-06-22 13:25:51', '2025-06-22 13:25:51'),
(73, 14, 47, 1, 941, '2025-06-22 13:25:51', '2025-06-22 13:25:51'),
(74, 14, 35, 2, 305, '2025-06-22 13:25:51', '2025-06-22 13:25:51'),
(75, 14, 53, 1, 665, '2025-06-22 13:25:51', '2025-06-22 13:25:51'),
(76, 14, 18, 2, 362, '2025-06-22 13:25:51', '2025-06-22 13:25:51'),
(77, 14, 42, 3, 8, '2025-06-22 13:25:51', '2025-06-22 13:25:51'),
(78, 14, 66, 1, 38, '2025-06-22 13:25:51', '2025-06-22 13:25:51'),
(79, 14, 43, 3, 1, '2025-06-22 13:25:51', '2025-06-22 13:25:51'),
(80, 15, 18, 1, 449, '2025-06-22 13:25:51', '2025-06-22 13:25:51'),
(81, 15, 48, 1, 793, '2025-06-22 13:25:51', '2025-06-22 13:25:51'),
(82, 15, 55, 2, 906, '2025-06-22 13:25:51', '2025-06-22 13:25:51'),
(83, 15, 62, 3, 2, '2025-06-22 13:25:51', '2025-06-22 13:25:51'),
(84, 16, 33, 1, 928, '2025-06-22 13:25:51', '2025-06-22 13:25:51'),
(85, 16, 40, 3, 5, '2025-06-22 13:25:51', '2025-06-22 13:25:51'),
(86, 16, 44, 2, 245, '2025-06-22 13:25:51', '2025-06-22 13:25:51'),
(87, 16, 50, 1, 342, '2025-06-22 13:25:51', '2025-06-22 13:25:51'),
(88, 16, 38, 1, 707, '2025-06-22 13:25:51', '2025-06-22 13:25:51'),
(89, 16, 37, 3, 5, '2025-06-22 13:25:51', '2025-06-22 13:25:51'),
(90, 16, 16, 2, 552, '2025-06-22 13:25:51', '2025-06-22 13:25:51'),
(91, 16, 29, 1, 144, '2025-06-22 13:25:51', '2025-06-22 13:25:51'),
(92, 17, 37, 1, 480, '2025-06-22 13:25:51', '2025-06-22 13:25:51'),
(93, 17, 59, 2, 801, '2025-06-22 13:25:51', '2025-06-22 13:25:51'),
(94, 18, 35, 2, 837, '2025-06-22 13:25:51', '2025-06-22 13:25:51'),
(95, 18, 28, 3, 6, '2025-06-22 13:25:51', '2025-06-22 13:25:51'),
(96, 18, 41, 2, 317, '2025-06-22 13:25:51', '2025-06-22 13:25:51'),
(97, 18, 22, 2, 120, '2025-06-22 13:25:51', '2025-06-22 13:25:51'),
(98, 18, 12, 3, 6, '2025-06-22 13:25:51', '2025-06-22 13:25:51'),
(99, 18, 42, 3, 9, '2025-06-22 13:25:51', '2025-06-22 13:25:51'),
(100, 18, 44, 2, 664, '2025-06-22 13:25:51', '2025-06-22 13:25:51'),
(101, 19, 50, 1, 778, '2025-06-22 13:25:51', '2025-06-22 13:25:51'),
(102, 19, 58, 1, 627, '2025-06-22 13:25:51', '2025-06-22 13:25:51'),
(103, 19, 61, 2, 503, '2025-06-22 13:25:51', '2025-06-22 13:25:51'),
(104, 19, 1, 3, 1, '2025-06-22 13:25:51', '2025-06-22 13:25:51'),
(105, 19, 26, 1, 392, '2025-06-22 13:25:51', '2025-06-22 13:25:51'),
(106, 19, 12, 2, 229, '2025-06-22 13:25:51', '2025-06-22 13:25:51'),
(107, 19, 49, 3, 7, '2025-06-22 13:25:51', '2025-06-22 13:25:51'),
(108, 19, 11, 2, 736, '2025-06-22 13:25:51', '2025-06-22 13:25:51'),
(109, 19, 8, 2, 687, '2025-06-22 13:25:51', '2025-06-22 13:25:51'),
(110, 19, 69, 1, 594, '2025-06-22 13:25:51', '2025-06-22 13:25:51'),
(111, 20, 43, 1, 508, '2025-06-22 13:25:51', '2025-06-22 13:25:51'),
(112, 21, 54, 3, 3, '2025-06-22 13:25:51', '2025-06-22 13:25:51'),
(113, 21, 33, 1, 216, '2025-06-22 13:25:51', '2025-06-22 13:25:51'),
(114, 21, 25, 1, 271, '2025-06-22 13:25:51', '2025-06-22 13:25:51'),
(115, 21, 59, 3, 5, '2025-06-22 13:25:51', '2025-06-22 13:25:51'),
(116, 21, 13, 1, 199, '2025-06-22 13:25:51', '2025-06-22 13:25:51'),
(117, 21, 32, 1, 432, '2025-06-22 13:25:51', '2025-06-22 13:25:51'),
(118, 22, 3, 1, 380, '2025-06-22 13:25:51', '2025-06-22 13:25:51'),
(119, 23, 10, 1, 527, '2025-06-22 13:25:51', '2025-06-22 13:25:51'),
(120, 23, 59, 3, 3, '2025-06-22 13:25:51', '2025-06-22 13:25:51'),
(121, 23, 64, 1, 411, '2025-06-22 13:25:51', '2025-06-22 13:25:51'),
(122, 23, 20, 2, 870, '2025-06-22 13:25:51', '2025-06-22 13:25:51'),
(123, 23, 28, 1, 66, '2025-06-22 13:25:51', '2025-06-22 13:25:51'),
(124, 23, 42, 1, 622, '2025-06-22 13:25:51', '2025-06-22 13:25:51'),
(125, 23, 12, 2, 709, '2025-06-22 13:25:51', '2025-06-22 13:25:51'),
(126, 23, 38, 2, 636, '2025-06-22 13:25:51', '2025-06-22 13:25:51'),
(127, 24, 34, 2, 453, '2025-06-22 13:25:51', '2025-06-22 13:25:51'),
(128, 24, 49, 3, 3, '2025-06-22 13:25:51', '2025-06-22 13:25:51'),
(129, 24, 10, 1, 950, '2025-06-22 13:25:51', '2025-06-22 13:25:51'),
(130, 24, 8, 2, 230, '2025-06-22 13:25:51', '2025-06-22 13:25:51'),
(131, 24, 19, 2, 814, '2025-06-22 13:25:51', '2025-06-22 13:25:51'),
(132, 24, 54, 3, 8, '2025-06-22 13:25:51', '2025-06-22 13:25:51'),
(133, 24, 5, 2, 419, '2025-06-22 13:25:52', '2025-06-22 13:25:52'),
(134, 25, 36, 1, 604, '2025-06-22 13:25:52', '2025-06-22 13:25:52'),
(135, 25, 45, 3, 1, '2025-06-22 13:25:52', '2025-06-22 13:25:52'),
(136, 25, 46, 3, 3, '2025-06-22 13:25:52', '2025-06-22 13:25:52'),
(137, 25, 43, 1, 30, '2025-06-22 13:25:52', '2025-06-22 13:25:52'),
(138, 25, 28, 1, 650, '2025-06-22 13:25:52', '2025-06-22 13:25:52'),
(139, 25, 19, 2, 426, '2025-06-22 13:25:52', '2025-06-22 13:25:52'),
(140, 25, 9, 1, 693, '2025-06-22 13:25:52', '2025-06-22 13:25:52'),
(141, 25, 6, 3, 9, '2025-06-22 13:25:52', '2025-06-22 13:25:52'),
(142, 25, 31, 3, 8, '2025-06-22 13:25:52', '2025-06-22 13:25:52'),
(143, 25, 11, 2, 181, '2025-06-22 13:25:52', '2025-06-22 13:25:52'),
(144, 26, 27, 2, 263, '2025-06-22 13:25:52', '2025-06-22 13:25:52'),
(145, 26, 54, 3, 7, '2025-06-22 13:25:52', '2025-06-22 13:25:52'),
(146, 26, 2, 2, 537, '2025-06-22 13:25:52', '2025-06-22 13:25:52'),
(147, 26, 26, 2, 281, '2025-06-22 13:25:52', '2025-06-22 13:25:52'),
(148, 26, 20, 3, 2, '2025-06-22 13:25:52', '2025-06-22 13:25:52'),
(149, 26, 13, 3, 4, '2025-06-22 13:25:52', '2025-06-22 13:25:52'),
(150, 26, 30, 1, 675, '2025-06-22 13:25:52', '2025-06-22 13:25:52'),
(151, 26, 25, 2, 637, '2025-06-22 13:25:52', '2025-06-22 13:25:52'),
(152, 26, 58, 2, 551, '2025-06-22 13:25:52', '2025-06-22 13:25:52'),
(153, 26, 5, 3, 6, '2025-06-22 13:25:52', '2025-06-22 13:25:52'),
(154, 27, 26, 2, 230, '2025-06-22 13:25:52', '2025-06-22 13:25:52'),
(155, 27, 40, 2, 423, '2025-06-22 13:25:52', '2025-06-22 13:25:52'),
(156, 27, 64, 2, 810, '2025-06-22 13:25:52', '2025-06-22 13:25:52'),
(157, 27, 16, 3, 9, '2025-06-22 13:25:52', '2025-06-22 13:25:52'),
(158, 27, 40, 1, 135, '2025-06-22 13:25:52', '2025-06-22 13:25:52'),
(159, 27, 36, 2, 947, '2025-06-22 13:25:52', '2025-06-22 13:25:52'),
(160, 27, 56, 1, 855, '2025-06-22 13:25:52', '2025-06-22 13:25:52'),
(161, 27, 67, 1, 98, '2025-06-22 13:25:52', '2025-06-22 13:25:52'),
(162, 27, 52, 3, 4, '2025-06-22 13:25:52', '2025-06-22 13:25:52'),
(163, 27, 65, 2, 620, '2025-06-22 13:25:52', '2025-06-22 13:25:52'),
(164, 28, 37, 2, 75, '2025-06-22 13:25:52', '2025-06-22 13:25:52'),
(165, 28, 55, 3, 4, '2025-06-22 13:25:52', '2025-06-22 13:25:52'),
(166, 29, 6, 3, 10, '2025-06-22 13:25:52', '2025-06-22 13:25:52'),
(167, 29, 41, 2, 137, '2025-06-22 13:25:52', '2025-06-22 13:25:52'),
(168, 29, 62, 3, 4, '2025-06-22 13:25:52', '2025-06-22 13:25:52'),
(169, 29, 19, 1, 683, '2025-06-22 13:25:52', '2025-06-22 13:25:52'),
(170, 29, 53, 2, 838, '2025-06-22 13:25:52', '2025-06-22 13:25:52'),
(171, 29, 9, 1, 848, '2025-06-22 13:25:52', '2025-06-22 13:25:52'),
(172, 29, 52, 3, 10, '2025-06-22 13:25:52', '2025-06-22 13:25:52'),
(173, 29, 43, 2, 58, '2025-06-22 13:25:52', '2025-06-22 13:25:52'),
(174, 29, 39, 1, 881, '2025-06-22 13:25:52', '2025-06-22 13:25:52'),
(175, 30, 1, 3, 2, '2025-06-22 13:25:52', '2025-06-22 13:25:52'),
(176, 30, 29, 2, 311, '2025-06-22 13:25:52', '2025-06-22 13:25:52'),
(177, 30, 11, 2, 58, '2025-06-22 13:25:52', '2025-06-22 13:25:52'),
(178, 30, 7, 1, 421, '2025-06-22 13:25:52', '2025-06-22 13:25:52'),
(179, 30, 40, 3, 3, '2025-06-22 13:25:52', '2025-06-22 13:25:52'),
(180, 31, 45, 1, 763, '2025-06-22 13:25:52', '2025-06-22 13:25:52'),
(181, 31, 16, 2, 497, '2025-06-22 13:25:52', '2025-06-22 13:25:52'),
(182, 31, 27, 2, 654, '2025-06-22 13:25:52', '2025-06-22 13:25:52'),
(183, 31, 31, 2, 866, '2025-06-22 13:25:52', '2025-06-22 13:25:52'),
(184, 31, 10, 2, 319, '2025-06-22 13:25:52', '2025-06-22 13:25:52'),
(185, 31, 28, 2, 85, '2025-06-22 13:25:52', '2025-06-22 13:25:52'),
(186, 31, 25, 2, 927, '2025-06-22 13:25:52', '2025-06-22 13:25:52'),
(187, 31, 19, 1, 747, '2025-06-22 13:25:52', '2025-06-22 13:25:52');

-- --------------------------------------------------------

--
-- Структура таблицы `roles`
--

CREATE TABLE `roles` (
  `id` bigint UNSIGNED NOT NULL,
  `name` varchar(255) COLLATE utf8mb4_unicode_ci NOT NULL,
  `created_at` timestamp NULL DEFAULT NULL,
  `updated_at` timestamp NULL DEFAULT NULL
) ENGINE=InnoDB DEFAULT CHARSET=utf8mb4 COLLATE=utf8mb4_unicode_ci;

--
-- Дамп данных таблицы `roles`
--

INSERT INTO `roles` (`id`, `name`, `created_at`, `updated_at`) VALUES
(1, 'Admin', '2025-06-22 13:25:51', '2025-06-22 13:25:51'),
(2, 'User', '2025-06-22 13:25:51', '2025-06-22 13:25:51');

-- --------------------------------------------------------

--
-- Структура таблицы `units`
--

CREATE TABLE `units` (
  `id` bigint UNSIGNED NOT NULL,
  `name` varchar(255) COLLATE utf8mb4_unicode_ci NOT NULL,
  `short_name` varchar(255) COLLATE utf8mb4_unicode_ci NOT NULL,
  `created_at` timestamp NULL DEFAULT NULL,
  `updated_at` timestamp NULL DEFAULT NULL
) ENGINE=InnoDB DEFAULT CHARSET=utf8mb4 COLLATE=utf8mb4_unicode_ci;

--
-- Дамп данных таблицы `units`
--

INSERT INTO `units` (`id`, `name`, `short_name`, `created_at`, `updated_at`) VALUES
(1, 'Грамм', 'г', '2025-06-22 13:25:51', '2025-06-22 13:25:51'),
(2, 'Миллилитр', 'мл', '2025-06-22 13:25:51', '2025-06-22 13:25:51'),
(3, 'Штука', 'шт', '2025-06-22 13:25:51', '2025-06-22 13:25:51');

-- --------------------------------------------------------

--
-- Структура таблицы `users`
--

CREATE TABLE `users` (
  `id` bigint UNSIGNED NOT NULL,
  `password` varchar(255) COLLATE utf8mb4_unicode_ci NOT NULL,
  `remember_token` varchar(100) COLLATE utf8mb4_unicode_ci DEFAULT NULL,
  `name` varchar(255) COLLATE utf8mb4_unicode_ci NOT NULL,
  `email` varchar(255) COLLATE utf8mb4_unicode_ci NOT NULL,
  `registration_date` timestamp NOT NULL DEFAULT CURRENT_TIMESTAMP,
  `avatar` varchar(255) COLLATE utf8mb4_unicode_ci DEFAULT NULL,
  `role_id` bigint UNSIGNED NOT NULL,
  `created_at` timestamp NULL DEFAULT NULL,
  `updated_at` timestamp NULL DEFAULT NULL
) ENGINE=InnoDB DEFAULT CHARSET=utf8mb4 COLLATE=utf8mb4_unicode_ci;

--
-- Дамп данных таблицы `users`
--

INSERT INTO `users` (`id`, `password`, `remember_token`, `name`, `email`, `registration_date`, `avatar`, `role_id`, `created_at`, `updated_at`) VALUES
(1, '$2y$12$fFq14YTyiwIoK6vkjk3oeuPWLQ4o8Ixj25HWIqSntJC9sGFCJUWmS', NULL, 'admin', 'admin@example.com', '2025-06-22 13:25:51', NULL, 1, '2025-06-22 13:25:51', '2025-06-22 13:25:51'),
(2, '$2y$12$EDnVuQ8l7WjutO0jEuIgwe16RoYzgJt0gzHmpjIidOLkZ1fPjvPwC', NULL, 'user', 'user@example.com', '2025-06-22 13:25:51', NULL, 2, '2025-06-22 13:25:51', '2025-06-22 13:25:51');

--
-- Индексы сохранённых таблиц
--

--
-- Индексы таблицы `categories`
--
ALTER TABLE `categories`
  ADD PRIMARY KEY (`id`);

--
-- Индексы таблицы `category_recipe`
--
ALTER TABLE `category_recipe`
  ADD PRIMARY KEY (`id`),
  ADD KEY `category_recipe_recipe_id_foreign` (`recipe_id`),
  ADD KEY `category_recipe_category_id_foreign` (`category_id`);

--
-- Индексы таблицы `comments`
--
ALTER TABLE `comments`
  ADD PRIMARY KEY (`UniqueID`),
  ADD KEY `comments_recipe_id_foreign` (`recipe_id`),
  ADD KEY `comments_user_id_foreign` (`user_id`);

--
-- Индексы таблицы `favorites`
--
ALTER TABLE `favorites`
  ADD PRIMARY KEY (`id`),
  ADD UNIQUE KEY `favorites_user_id_recipe_id_unique` (`user_id`,`recipe_id`),
  ADD KEY `favorites_recipe_id_foreign` (`recipe_id`);

--
-- Индексы таблицы `ingredients`
--
ALTER TABLE `ingredients`
  ADD PRIMARY KEY (`id`);

--
-- Индексы таблицы `migrations`
--
ALTER TABLE `migrations`
  ADD PRIMARY KEY (`id`);

--
-- Индексы таблицы `personal_access_tokens`
--
ALTER TABLE `personal_access_tokens`
  ADD PRIMARY KEY (`id`),
  ADD UNIQUE KEY `personal_access_tokens_token_unique` (`token`),
  ADD KEY `personal_access_tokens_tokenable_type_tokenable_id_index` (`tokenable_type`,`tokenable_id`);

--
-- Индексы таблицы `ratings`
--
ALTER TABLE `ratings`
  ADD PRIMARY KEY (`id`),
  ADD KEY `ratings_recipe_id_foreign` (`recipe_id`),
  ADD KEY `ratings_user_id_foreign` (`user_id`);

--
-- Индексы таблицы `recipes`
--
ALTER TABLE `recipes`
  ADD PRIMARY KEY (`id`),
  ADD KEY `recipes_user_id_foreign` (`user_id`);

--
-- Индексы таблицы `recipe_ingredients`
--
ALTER TABLE `recipe_ingredients`
  ADD PRIMARY KEY (`id`),
  ADD KEY `recipe_ingredients_recipe_id_foreign` (`recipe_id`),
  ADD KEY `recipe_ingredients_ingredient_id_foreign` (`ingredient_id`),
  ADD KEY `recipe_ingredients_unit_id_foreign` (`unit_id`);

--
-- Индексы таблицы `roles`
--
ALTER TABLE `roles`
  ADD PRIMARY KEY (`id`);

--
-- Индексы таблицы `units`
--
ALTER TABLE `units`
  ADD PRIMARY KEY (`id`);

--
-- Индексы таблицы `users`
--
ALTER TABLE `users`
  ADD PRIMARY KEY (`id`),
  ADD UNIQUE KEY `users_email_unique` (`email`),
  ADD KEY `users_role_id_foreign` (`role_id`);

--
-- AUTO_INCREMENT для сохранённых таблиц
--

--
-- AUTO_INCREMENT для таблицы `categories`
--
ALTER TABLE `categories`
  MODIFY `id` bigint UNSIGNED NOT NULL AUTO_INCREMENT, AUTO_INCREMENT=7;

--
-- AUTO_INCREMENT для таблицы `category_recipe`
--
ALTER TABLE `category_recipe`
  MODIFY `id` bigint UNSIGNED NOT NULL AUTO_INCREMENT, AUTO_INCREMENT=32;

--
-- AUTO_INCREMENT для таблицы `comments`
--
ALTER TABLE `comments`
  MODIFY `UniqueID` bigint UNSIGNED NOT NULL AUTO_INCREMENT, AUTO_INCREMENT=2;

--
-- AUTO_INCREMENT для таблицы `favorites`
--
ALTER TABLE `favorites`
  MODIFY `id` bigint UNSIGNED NOT NULL AUTO_INCREMENT;

--
-- AUTO_INCREMENT для таблицы `ingredients`
--
ALTER TABLE `ingredients`
  MODIFY `id` bigint UNSIGNED NOT NULL AUTO_INCREMENT, AUTO_INCREMENT=71;

--
-- AUTO_INCREMENT для таблицы `migrations`
--
ALTER TABLE `migrations`
  MODIFY `id` int UNSIGNED NOT NULL AUTO_INCREMENT, AUTO_INCREMENT=14;

--
-- AUTO_INCREMENT для таблицы `personal_access_tokens`
--
ALTER TABLE `personal_access_tokens`
  MODIFY `id` bigint UNSIGNED NOT NULL AUTO_INCREMENT;

--
-- AUTO_INCREMENT для таблицы `ratings`
--
ALTER TABLE `ratings`
  MODIFY `id` bigint UNSIGNED NOT NULL AUTO_INCREMENT, AUTO_INCREMENT=32;

--
-- AUTO_INCREMENT для таблицы `recipes`
--
ALTER TABLE `recipes`
  MODIFY `id` bigint UNSIGNED NOT NULL AUTO_INCREMENT, AUTO_INCREMENT=32;

--
-- AUTO_INCREMENT для таблицы `recipe_ingredients`
--
ALTER TABLE `recipe_ingredients`
  MODIFY `id` bigint UNSIGNED NOT NULL AUTO_INCREMENT, AUTO_INCREMENT=188;

--
-- AUTO_INCREMENT для таблицы `roles`
--
ALTER TABLE `roles`
  MODIFY `id` bigint UNSIGNED NOT NULL AUTO_INCREMENT, AUTO_INCREMENT=3;

--
-- AUTO_INCREMENT для таблицы `units`
--
ALTER TABLE `units`
  MODIFY `id` bigint UNSIGNED NOT NULL AUTO_INCREMENT, AUTO_INCREMENT=4;

--
-- AUTO_INCREMENT для таблицы `users`
--
ALTER TABLE `users`
  MODIFY `id` bigint UNSIGNED NOT NULL AUTO_INCREMENT, AUTO_INCREMENT=3;

--
-- Ограничения внешнего ключа сохраненных таблиц
--

--
-- Ограничения внешнего ключа таблицы `category_recipe`
--
ALTER TABLE `category_recipe`
  ADD CONSTRAINT `category_recipe_category_id_foreign` FOREIGN KEY (`category_id`) REFERENCES `categories` (`id`) ON DELETE CASCADE,
  ADD CONSTRAINT `category_recipe_recipe_id_foreign` FOREIGN KEY (`recipe_id`) REFERENCES `recipes` (`id`) ON DELETE CASCADE;

--
-- Ограничения внешнего ключа таблицы `comments`
--
ALTER TABLE `comments`
  ADD CONSTRAINT `comments_recipe_id_foreign` FOREIGN KEY (`recipe_id`) REFERENCES `recipes` (`id`),
  ADD CONSTRAINT `comments_user_id_foreign` FOREIGN KEY (`user_id`) REFERENCES `users` (`id`);

--
-- Ограничения внешнего ключа таблицы `favorites`
--
ALTER TABLE `favorites`
  ADD CONSTRAINT `favorites_recipe_id_foreign` FOREIGN KEY (`recipe_id`) REFERENCES `recipes` (`id`) ON DELETE CASCADE,
  ADD CONSTRAINT `favorites_user_id_foreign` FOREIGN KEY (`user_id`) REFERENCES `users` (`id`) ON DELETE CASCADE;

--
-- Ограничения внешнего ключа таблицы `ratings`
--
ALTER TABLE `ratings`
  ADD CONSTRAINT `ratings_recipe_id_foreign` FOREIGN KEY (`recipe_id`) REFERENCES `recipes` (`id`) ON DELETE CASCADE,
  ADD CONSTRAINT `ratings_user_id_foreign` FOREIGN KEY (`user_id`) REFERENCES `users` (`id`) ON DELETE CASCADE;

--
-- Ограничения внешнего ключа таблицы `recipes`
--
ALTER TABLE `recipes`
  ADD CONSTRAINT `recipes_user_id_foreign` FOREIGN KEY (`user_id`) REFERENCES `users` (`id`);

--
-- Ограничения внешнего ключа таблицы `recipe_ingredients`
--
ALTER TABLE `recipe_ingredients`
  ADD CONSTRAINT `recipe_ingredients_ingredient_id_foreign` FOREIGN KEY (`ingredient_id`) REFERENCES `ingredients` (`id`),
  ADD CONSTRAINT `recipe_ingredients_recipe_id_foreign` FOREIGN KEY (`recipe_id`) REFERENCES `recipes` (`id`),
  ADD CONSTRAINT `recipe_ingredients_unit_id_foreign` FOREIGN KEY (`unit_id`) REFERENCES `units` (`id`);

--
-- Ограничения внешнего ключа таблицы `users`
--
ALTER TABLE `users`
  ADD CONSTRAINT `users_role_id_foreign` FOREIGN KEY (`role_id`) REFERENCES `roles` (`id`);
COMMIT;

/*!40101 SET CHARACTER_SET_CLIENT=@OLD_CHARACTER_SET_CLIENT */;
/*!40101 SET CHARACTER_SET_RESULTS=@OLD_CHARACTER_SET_RESULTS */;
/*!40101 SET COLLATION_CONNECTION=@OLD_COLLATION_CONNECTION */;
